<?xml version="1.0" encoding="UTF-8"?>
<indici xsi:schemaLocation="legge190_1_0 datasetAppaltiL190.xsd" xmlns:xsi="http://www.w3.org/2001/XMLSchema-instance" xmlns:legge190="legge190_1_0">
  <metadata>
    <titolo>Pubblicazione 1 legge 190</titolo>
    <abstract>Pubblicazione 1 legge 190 anno 1 rif. 2012</abstract>
    <dataPubblicazioneIndice>2023-02-21</dataPubblicazioneIndice>
    <entePubblicatore>S.I.TO SPA - SOCIETA INTERPORTO DI TORINO</entePubblicatore>
    <dataUltimoAggiornamentoIndice>2023-02-21</dataUltimoAggiornamentoIndice>
    <annoRiferimento>2022</annoRiferimento>
    <urlFile>http://allegati.interportotorino.it/2022/dataset-2022.xml</urlFile>
    <licenza>IODL</licenza>
  </metadata>
  <indice>
    <dataset id="dataset-001">
      <linkDataset>http://allegati.interportotorino.it/2022/dataset-2022-001.xml</linkDataset>
      <dataUltimoAggiornamento>2023-02-21</dataUltimoAggiornamento>
    </dataset>
    <dataset id="dataset-002">
      <linkDataset>http://allegati.interportotorino.it/2022/dataset-2022-002.xml</linkDataset>
      <dataUltimoAggiornamento>2023-02-21</dataUltimoAggiornamento>
    </dataset>
  </indice>
</indici>